imagen,tecnica,ambe,psnr,contraste,entropia
101085.jpg,HE,32.640267873912734,16.014725359231957,73.70302809371606,7.3895445
103070.jpg,HE,38.75029306805007,13.076327352974126,73.38812644405819,6.8785553
108082.jpg,HE,66.25615766737263,10.40321589631593,70.88342689211503,6.3146276
109053.jpg,HE,30.42331332050958,13.775336194318568,73.27908251908121,6.808649
119082.jpg,HE,23.380288987765624,19.91180136387314,74.04681912997943,7.411586
12084.jpg,HE,34.60841574860265,13.4026994002875,73.45743204777752,6.8546534
126007.jpg,HE,37.428280904916406,13.182396218776606,73.57839650617183,6.6844087
130026.jpg,HE,37.01715662463326,14.992078918472645,73.08086987425546,7.2059984
14037.jpg,HE,60.312718181877045,11.98217214822198,69.80090251680794,6.582174
147091.jpg,HE,21.403216300412566,20.045964513215537,73.54657726001275,7.3565474
148089.jpg,HE,35.58066333767269,16.13675866606657,73.40402551264704,7.5047746
156065.jpg,HE,42.13102246747107,14.484944581948806,73.34454300122881,7.3818364
157055.jpg,HE,23.570838271772857,18.5561015517248,73.70176823764342,7.4415317
16077.jpg,HE,20.991930104079643,18.089052283946405,73.2580137668384,7.3417406
163085.jpg,HE,45.92623104772636,12.11956133512851,73.49044112391938,6.860668
167062.jpg,HE,32.623720053626585,11.488541685929787,76.04492877725704,4.679798
167083.jpg,HE,22.809463669276752,19.472766396271936,73.91973724831254,7.6430073
170057.jpg,HE,11.555261947785311,15.866759562813836,73.7381491991295,7.0184736
175032.jpg,HE,29.66305917707785,15.111504467918568,73.70858567683314,7.22611
189080.jpg,HE,5.521207764198408,23.9075845034885,73.64715760614502,7.1479387
219090.jpg,HE,22.34861820843128,17.417588448346535,73.54133856503243,7.1036158
220075.jpg,HE,40.32827507593862,14.350181872280432,73.37052678653325,7.317523
229036.jpg,HE,9.125685714470762,20.232937214997836,73.43763935493321,7.3612704
24077.jpg,HE,4.884657482788327,23.877621396255616,73.95235928533542,7.4186773
241004.jpg,HE,0.5203398941716557,24.150386430967647,75.15429817650006,6.7773495
253027.jpg,HE,16.543591038918137,15.341754844121017,73.57076741824453,6.88995
260058.jpg,HE,31.367160834450544,13.59281733674148,73.81107914029701,6.860577
271035.jpg,HE,6.462697780454789,20.405890420867195,73.591609755637,7.3906975
285079.jpg,HE,43.26300995459873,12.799377490539218,72.90414366530703,6.7424116
291000.jpg,HE,16.90479983937928,18.182461972390094,73.63839983760343,7.4380875
295087.jpg,HE,43.51842280814245,12.958989168628811,73.46262790734644,7.0221376
296007.jpg,HE,0.1948627275729961,14.246477276689497,75.11144101202096,6.184175
300091.jpg,HE,39.91179461272918,12.91976973049547,73.22785727470696,6.725785
304034.jpg,HE,33.1198243534692,15.277982424969649,73.61703811787096,7.3037224
38092.jpg,HE,17.065329887759788,21.776759778764927,73.69904467694386,7.607058
41033.jpg,HE,31.453611051741905,16.238123656104506,73.42845880181996,7.213803
42049.jpg,HE,35.60081864754761,13.099651812384325,75.18435794380378,6.075463
43074.jpg,HE,60.46051515210395,10.576591259780292,73.44139567136432,6.743357
45096.jpg,HE,99.12665721076937,7.382493951609858,66.16525474526291,5.4125934
54082.jpg,HE,28.191242284700223,13.764554087269484,73.48289166959667,6.798439
58060.jpg,HE,74.09808226630656,10.026833348336574,70.3255575347454,6.4671335
62096.jpg,HE,9.73597321260874,17.828549509845814,73.54820642500721,6.4064894
69015.jpg,HE,67.50145400612689,10.581590518442775,72.75283853565233,6.888942
69040.jpg,HE,47.13668305257092,11.851381317633852,73.65794467513241,6.7799106
76053.jpg,HE,19.73215199383425,15.849346258166722,73.51059682508122,7.1081753
78004.jpg,HE,12.430567159539123,23.905582475055457,73.48430820043197,7.634666
8023.jpg,HE,14.305360716575665,14.787573190074015,73.39588971341928,6.7526126
86000.jpg,HE,33.22768634918167,14.13642736406256,73.36420032291906,6.967345
86016.jpg,HE,25.760241190147752,15.764201886143086,73.81839516174631,7.224084
89072.jpg,HE,18.08191656789789,19.00487208289134,73.31820033822025,7.377865
101085.jpg,CLAHE,23.020945460197808,16.766913445994355,65.59085054281867,7.895938
103070.jpg,CLAHE,17.35246533377375,18.943635716143877,52.05977236661338,7.6629195
108082.jpg,CLAHE,18.90343326791925,18.38340282360783,60.31269258728518,7.372201
109053.jpg,CLAHE,9.73940583286378,20.53523754681792,47.95995769007946,7.513535
119082.jpg,CLAHE,17.08135310004468,18.238490085681168,70.7977795681654,7.8824134
12084.jpg,CLAHE,14.0674736562587,19.873998607455977,50.04855661620088,7.5909786
126007.jpg,CLAHE,11.043600753881124,22.21163995817601,46.48519844640352,7.3525734
130026.jpg,CLAHE,9.52449789832967,20.340324631139563,63.24779197455141,7.6805415
14037.jpg,CLAHE,14.902966949695925,19.396481964124074,53.12382337721393,7.2534757
147091.jpg,CLAHE,11.896023989481932,20.143881340315968,60.0307248471247,7.8035645
148089.jpg,CLAHE,20.130206410580243,17.890839279950878,67.08662765488998,7.908861
156065.jpg,CLAHE,19.98551175186689,17.79650055322723,62.6724818764342,7.814294
157055.jpg,CLAHE,13.018749878562971,19.470610600373085,64.1944850651013,7.846143
16077.jpg,CLAHE,7.36687586220296,19.88906986573565,63.78857568208026,7.8456774
163085.jpg,CLAHE,25.544316422821083,17.075534652572262,50.35172028064161,7.621756
167062.jpg,CLAHE,10.56481499472153,23.381038234437824,104.85433829646531,5.7500043
167083.jpg,CLAHE,12.070932183081725,19.89200977795065,67.94393265672689,7.924151
170057.jpg,CLAHE,8.494239026949316,20.900691849844957,47.19536731894476,7.590353
175032.jpg,CLAHE,28.203878213224,16.0302347450455,64.73288589825195,7.9231215
189080.jpg,CLAHE,4.424666938685647,21.465221365328087,69.91708871658524,7.6850677
219090.jpg,CLAHE,12.631349537891596,20.91871775251064,53.83646322743405,7.672412
220075.jpg,CLAHE,14.978400398961142,19.379325402966757,59.49052484604288,7.7751727
229036.jpg,CLAHE,3.662256073471028,20.26428886281509,63.5971683770592,7.8415155
24077.jpg,CLAHE,1.1475702877572047,20.3757214892064,74.53559703137675,7.7508593
241004.jpg,CLAHE,6.602139882513711,22.5781995140584,70.1785207665422,7.333988
253027.jpg,CLAHE,9.029494627625468,20.739618830858063,53.85364372298834,7.701401
260058.jpg,CLAHE,7.718136540566434,22.10268632705818,40.45475946805237,7.280687
271035.jpg,CLAHE,3.413572450955627,20.227868269874524,63.535847852385984,7.8441544
285079.jpg,CLAHE,14.986437911671558,19.68851858481677,60.53213002535097,7.6809726
291000.jpg,CLAHE,13.02904773932812,18.543640176256176,64.29516839196742,7.9106855
295087.jpg,CLAHE,20.40155828006296,18.310953658011897,49.13055873898298,7.586981
296007.jpg,CLAHE,7.08556939398062,22.343962973292207,38.196924479797566,7.081899
300091.jpg,CLAHE,9.215827617696776,22.52721588000048,43.33863245325697,7.1843734
304034.jpg,CLAHE,21.866004753855208,17.12208403158667,64.24971839092142,7.91262
38092.jpg,CLAHE,0.0761588331681935,20.615257277671574,65.97668371330742,7.8763523
41033.jpg,CLAHE,16.792792792792795,18.583597188222807,57.83493425060261,7.7664213
42049.jpg,CLAHE,3.8591718965550967,25.52771930356936,53.46638961020241,6.7120843
43074.jpg,CLAHE,26.742572910797207,17.768562379312687,42.837940559039,7.416241
45096.jpg,CLAHE,14.795733188256555,21.55098520936953,46.01176915691772,6.5194964
54082.jpg,CLAHE,18.404388572612877,18.920645664613623,45.501817353058,7.478224
58060.jpg,CLAHE,26.250374026074965,17.16012928786531,65.80830391904017,7.4789352
62096.jpg,CLAHE,6.913465586362804,21.045838748087697,82.0935476213963,7.28033
69015.jpg,CLAHE,33.04411240859838,15.814114825623992,60.72642563014578,7.683304
69040.jpg,CLAHE,29.06805007739588,16.09512622755267,52.87026849548278,7.7102647
76053.jpg,CLAHE,11.649244499711784,19.485731723623264,49.83743420884606,7.624616
78004.jpg,CLAHE,9.168697093930732,18.056395263736437,65.38596251310591,7.9076967
8023.jpg,CLAHE,6.999268139455054,20.53152014428699,44.50723468655353,7.4911337
86000.jpg,CLAHE,10.13514161177713,20.97697676278182,54.02117037453446,7.584157
86016.jpg,CLAHE,16.06270684775359,18.032131435506905,57.42181706556658,7.81831
89072.jpg,CLAHE,7.892053807941664,21.57045099917959,63.71522478403675,7.7709103
101085.jpg,AGCWD,45.49752916108058,13.620890405923006,77.10748256847798,7.259991
103070.jpg,AGCWD,52.49795661945194,12.476562074587145,62.5037779023227,6.871632
108082.jpg,AGCWD,45.01509705248023,13.122196954358662,72.0093447013783,6.3622313
109053.jpg,AGCWD,50.377478125141664,12.898747988118116,58.928671501012026,6.792833
119082.jpg,AGCWD,38.21668901108154,15.259538999885104,88.5946376196193,7.2757626
12084.jpg,AGCWD,53.48712767404356,12.370661597564752,61.34157630416861,6.8450174
126007.jpg,AGCWD,53.12209765480792,12.254957773776448,63.81441593735841,6.6913
130026.jpg,AGCWD,42.00367225600871,14.175827180295428,75.21457672612472,7.0986776
14037.jpg,AGCWD,48.0701096495489,12.674466652035257,84.18483391360652,6.612397
147091.jpg,AGCWD,40.65960712689685,14.720335936535768,83.92743702459754,7.2861223
148089.jpg,AGCWD,42.81575896529168,14.265474481865803,80.89751908567114,7.3304586
156065.jpg,AGCWD,49.098930706407344,12.975359968768135,78.48006442138556,7.3042955
157055.jpg,AGCWD,30.23159824094404,17.731294398522664,67.29942486712868,7.1408405
16077.jpg,AGCWD,39.7330781536389,14.84921536740151,71.36826705271518,7.126957
163085.jpg,AGCWD,58.512762223042586,11.55699566956901,63.86574880286414,6.8944674
167062.jpg,AGCWD,16.64746989980634,19.340809251227537,106.21153598099532,4.5259957
167083.jpg,AGCWD,43.32224532224531,14.13000911533275,80.61943660763629,7.3261747
170057.jpg,AGCWD,50.86630267938679,13.08445232869235,59.44851796048058,7.022747
175032.jpg,AGCWD,53.694036955719184,12.437131951295006,68.92319809094677,7.2044897
189080.jpg,AGCWD,29.71311066638171,17.49498516054499,75.74690078098703,6.856245
219090.jpg,AGCWD,46.03414485657476,13.889271866277074,70.23922912552291,7.15602
220075.jpg,AGCWD,46.35750416124248,13.383120528315722,74.47591661100446,7.2355566
229036.jpg,AGCWD,38.50259389511726,15.28430099434847,67.34988882406387,7.175968
24077.jpg,AGCWD,31.51098762313717,16.328304368613693,81.05732734064505,7.094466
241004.jpg,AGCWD,32.11262232757559,16.098372349528887,75.53942571853618,6.666788
253027.jpg,AGCWD,47.28010828945408,13.447840747046593,57.53931477050045,6.845727
260058.jpg,AGCWD,36.25865117453904,16.312612965276394,45.24844196197588,6.7663183
271035.jpg,AGCWD,36.93799262958143,15.8889689330125,62.90024972770101,7.1585107
285079.jpg,AGCWD,44.927649432322326,13.56415336863277,66.38049098407336,6.7183723
291000.jpg,AGCWD,35.322323041949204,16.34560436612538,58.516408940852266,7.167434
295087.jpg,AGCWD,55.07652152511966,12.018648599649858,68.29385691823809,7.018052
296007.jpg,AGCWD,54.175529951230885,12.564624912382506,53.921178668909015,6.240794
300091.jpg,AGCWD,52.70344103988964,12.387825903479373,63.8102876197943,6.7587147
304034.jpg,AGCWD,49.4752365593487,13.089405479926024,71.32633413164734,7.26252
38092.jpg,AGCWD,31.196818673454203,17.358840778673734,71.06964785515423,7.2060776
41033.jpg,AGCWD,43.7099112052383,14.282036817498383,75.91768279440971,7.1037416
42049.jpg,AGCWD,34.326630008873025,16.905520803278662,64.74378482828955,6.300073
43074.jpg,AGCWD,61.32173366752805,10.8765132266561,67.96524967671526,6.760491
45096.jpg,AGCWD,44.61098049883097,12.633267045695623,69.10242625323669,5.5340805
54082.jpg,AGCWD,55.73601854910265,12.176403102624798,58.98232085477884,6.8394284
58060.jpg,AGCWD,44.05336105336106,13.027534897286476,83.52516477303536,6.483325
62096.jpg,AGCWD,19.629134526330773,20.112946154953413,86.16317394209337,6.0030365
69015.jpg,AGCWD,55.52957558565035,11.475614800069522,78.72418574868142,6.914346
69040.jpg,AGCWD,59.89603046612392,11.343564936294834,63.53619704562544,6.8501945
76053.jpg,AGCWD,48.430994617910514,13.37249186452966,61.54819663588077,7.0316973
78004.jpg,AGCWD,35.456778129675314,15.79496049742266,80.55811655760685,7.242652
8023.jpg,AGCWD,49.54993167142699,13.225954743947629,53.94091607923085,6.770953
86000.jpg,AGCWD,48.8426370295529,13.207309735605762,63.08781604687142,6.9343605
86016.jpg,AGCWD,35.312128807455906,16.549238123494895,55.65929276762424,7.074404
89072.jpg,AGCWD,42.42668765098672,14.5463998459113,71.6112546951302,7.154764
